Datetime,Energy
2024-01-01 00:00:00,70.46559071467065
2024-01-01 01:00:00,61.28377514789787
2024-01-01 02:00:00,67.86225399483322
2024-01-01 03:00:00,75.24939057736702
2024-01-01 04:00:00,71.94461540149373
2024-01-01 05:00:00,79.90138490405435
2024-01-01 06:00:00,146.5724088018845
2024-01-01 07:00:00,142.31833367461147
2024-01-01 08:00:00,143.5328593055895
2024-01-01 09:00:00,135.40378550292303
2024-01-01 10:00:00,153.25943112441718
2024-01-01 11:00:00,91.56088419210796
2024-01-01 12:00:00,99.10181053634624
2024-01-01 13:00:00,105.9202482764206
2024-01-01 14:00:00,100.51753641954076
2024-01-01 15:00:00,100.3180103665994
2024-01-01 16:00:00,105.02197899337023
2024-01-01 17:00:00,105.84390793736846
2024-01-01 18:00:00,158.80157291995639
2024-01-01 19:00:00,163.4934572933819
2024-01-01 20:00:00,167.2642422083578
2024-01-01 21:00:00,162.01886743318238
2024-01-01 22:00:00,162.46975771044143
2024-01-01 23:00:00,97.66561245594737
2024-01-02 00:00:00,71.19268040755522
2024-01-02 01:00:00,73.22275300453634
2024-01-02 02:00:00,68.41281532373294
2024-01-02 03:00:00,68.58510834953607
2024-01-02 04:00:00,72.98330945914034
2024-01-02 05:00:00,67.31983362058328
2024-01-02 06:00:00,139.08870120463664
2024-01-02 07:00:00,139.59387514450012
2024-01-02 08:00:00,138.80139977754595
2024-01-02 09:00:00,138.06850724705708
2024-01-02 10:00:00,130.8660442767486
2024-01-02 11:00:00,100.87272077631943
2024-01-02 12:00:00,95.55352219121205
2024-01-02 13:00:00,108.03904661199206
2024-01-02 14:00:00,102.38518299643779
2024-01-02 15:00:00,96.26142257452449
2024-01-02 16:00:00,97.44364888222486
2024-01-02 17:00:00,91.92634381122393
2024-01-02 18:00:00,161.3930655236868
2024-01-02 19:00:00,159.22040364714954
2024-01-02 20:00:00,166.64592837008746
2024-01-02 21:00:00,160.15396513538462
2024-01-02 22:00:00,159.91001991286737
2024-01-02 23:00:00,102.6537742794497
2024-01-03 00:00:00,72.96422742850311
2024-01-03 01:00:00,67.28018011549038
2024-01-03 02:00:00,65.8518369929652
2024-01-03 03:00:00,65.3482616017463
2024-01-03 04:00:00,66.78223230503824
2024-01-03 05:00:00,66.71495908187417
2024-01-03 06:00:00,141.8969538325233
2024-01-03 07:00:00,139.93120067301152
2024-01-03 08:00:00,130.6967133708345
2024-01-03 09:00:00,140.73428793339616
2024-01-03 10:00:00,141.44174487474845
2024-01-03 11:00:00,100.40675026457178
2024-01-03 12:00:00,97.72895321978785
2024-01-03 13:00:00,92.43411480507247
2024-01-03 14:00:00,110.56934863477446
2024-01-03 15:00:00,100.46396562839199
2024-01-03 16:00:00,97.78149249454275
2024-01-03 17:00:00,103.07739574332597
2024-01-03 18:00:00,170.6927673627223
2024-01-03 19:00:00,156.23044165729098
2024-01-03 20:00:00,156.2756835303687
2024-01-03 21:00:00,163.42187401747228
2024-01-03 22:00:00,158.18710099598127
2024-01-03 23:00:00,99.12494748432118
2024-01-04 00:00:00,74.93967486315093
2024-01-04 01:00:00,70.28068380679832
2024-01-04 02:00:00,67.88031873890476
2024-01-04 03:00:00,64.98143060377956
2024-01-04 04:00:00,71.84624488704927
2024-01-04 05:00:00,62.82557284634223
2024-01-04 06:00:00,138.73580091220688
2024-01-04 07:00:00,139.0493719810931
2024-01-04 08:00:00,140.43730286317893
2024-01-04 09:00:00,149.86729369401144
2024-01-04 10:00:00,133.9006110400483
2024-01-04 11:00:00,106.1206076477431
2024-01-04 12:00:00,102.66536892544327
2024-01-04 13:00:00,105.53439145887515
2024-01-04 14:00:00,98.70846221641355
2024-01-04 15:00:00,107.68606055426366
2024-01-04 16:00:00,98.4781953972153
2024-01-04 17:00:00,103.31822486530612
2024-01-04 18:00:00,163.80497729300475
2024-01-04 19:00:00,161.38386371492896
2024-01-04 20:00:00,158.65161886215157
2024-01-04 21:00:00,164.02170973524383
2024-01-04 22:00:00,174.77352946934127
2024-01-04 23:00:00,102.36033587632785
2024-01-05 00:00:00,67.79606586684228
2024-01-05 01:00:00,74.08122972503594
2024-01-05 02:00:00,66.15892082970366
2024-01-05 03:00:00,70.67206106455576
2024-01-05 04:00:00,78.01653070090171
2024-01-05 05:00:00,70.42863077528446
2024-01-05 06:00:00,137.10954914209518
2024-01-05 07:00:00,148.65944211251363
2024-01-05 08:00:00,140.34417320651133
2024-01-05 09:00:00,150.612927490393
2024-01-05 10:00:00,142.07139562365222
2024-01-05 11:00:00,110.71258255804477
2024-01-05 12:00:00,101.14153468120634
2024-01-05 13:00:00,100.44889720189231
2024-01-05 14:00:00,105.88801728285924
2024-01-05 15:00:00,94.72986817847277
2024-01-05 16:00:00,92.100426417648
2024-01-05 17:00:00,93.60775495560546
2024-01-05 18:00:00,162.98240371171724
2024-01-05 19:00:00,165.73382733029283
2024-01-05 20:00:00,157.51424985221115
2024-01-05 21:00:00,161.67977147034046
2024-01-05 22:00:00,154.3470374580448
2024-01-05 23:00:00,102.3868380431272
2024-01-06 00:00:00,63.416083101348
2024-01-06 01:00:00,56.35911785093801
2024-01-06 02:00:00,56.25180936933542
2024-01-06 03:00:00,60.35556971601693
2024-01-06 04:00:00,64.51040406069238
2024-01-06 05:00:00,46.9720580027581
2024-01-06 06:00:00,124.43754263545586
2024-01-06 07:00:00,127.52253354784138
2024-01-06 08:00:00,135.192819839466
2024-01-06 09:00:00,140.92819772793672
2024-01-06 10:00:00,130.40335978692505
2024-01-06 11:00:00,92.36740583939661
2024-01-06 12:00:00,87.36947940438289
2024-01-06 13:00:00,93.68433293995024
2024-01-06 14:00:00,92.29140991149656
2024-01-06 15:00:00,95.78919645464055
2024-01-06 16:00:00,88.16175622930977
2024-01-06 17:00:00,96.64595540802705
2024-01-06 18:00:00,144.6407380419702
2024-01-06 19:00:00,151.79205569715612
2024-01-06 20:00:00,141.4875211237649
2024-01-06 21:00:00,146.7119017435931
2024-01-06 22:00:00,156.1632110232937
2024-01-06 23:00:00,97.00829937864127
2024-01-07 00:00:00,60.284039880454756
2024-01-07 01:00:00,63.850131916072236
2024-01-07 02:00:00,72.43998984557146
2024-01-07 03:00:00,48.77285200989247
2024-01-07 04:00:00,59.95693849732008
2024-01-07 05:00:00,56.514050889635435
2024-01-07 06:00:00,129.20947644600096
2024-01-07 07:00:00,130.3615236855729
2024-01-07 08:00:00,132.20535716699914
2024-01-07 09:00:00,133.17107636658136
2024-01-07 10:00:00,129.42827873664734
2024-01-07 11:00:00,84.95337977901873
2024-01-07 12:00:00,88.16121071907259
2024-01-07 13:00:00,84.40546140786202
2024-01-07 14:00:00,88.84440722041577
2024-01-07 15:00:00,89.97139422182617
2024-01-07 16:00:00,88.98947368905168
2024-01-07 17:00:00,95.5570751023795
2024-01-07 18:00:00,149.1926325241124
2024-01-07 19:00:00,148.9578529922953
2024-01-07 20:00:00,149.49293297875374
2024-01-07 21:00:00,155.64396788146098
2024-01-07 22:00:00,147.22123900684934
2024-01-07 23:00:00,85.22949398362934
2024-01-08 00:00:00,68.039429763581
2024-01-08 01:00:00,61.36367212935137
2024-01-08 02:00:00,75.60432575586722
2024-01-08 03:00:00,79.91301009212164
2024-01-08 04:00:00,62.47676539642515
2024-01-08 05:00:00,82.80334810033055
2024-01-08 06:00:00,136.50149124899005
2024-01-08 07:00:00,136.11100429190947
2024-01-08 08:00:00,147.48695013590432
2024-01-08 09:00:00,139.46711791931915
2024-01-08 10:00:00,139.4507030299127
2024-01-08 11:00:00,102.24697350014006
2024-01-08 12:00:00,98.026780008939
2024-01-08 13:00:00,95.57639825299121
2024-01-08 14:00:00,99.7592135379631
2024-01-08 15:00:00,106.75334958017422
2024-01-08 16:00:00,101.98324686098648
2024-01-08 17:00:00,105.63880990313568
2024-01-08 18:00:00,164.26516336960592
2024-01-08 19:00:00,150.56562296315178
2024-01-08 20:00:00,165.36583231079857
2024-01-08 21:00:00,164.33186635294058
2024-01-08 22:00:00,156.74300994444164
2024-01-08 23:00:00,98.6871090232547
2024-01-09 00:00:00,67.99676412196082
2024-01-09 01:00:00,75.49391701072486
2024-01-09 02:00:00,67.9727510063333
2024-01-09 03:00:00,67.6558874854272
2024-01-09 04:00:00,80.09480411173143
2024-01-09 05:00:00,66.22818505050539
2024-01-09 06:00:00,133.8524069046396
2024-01-09 07:00:00,147.17375371834737
2024-01-09 08:00:00,139.0020186651463
2024-01-09 09:00:00,147.0663157572334
2024-01-09 10:00:00,139.39426760710703
2024-01-09 11:00:00,96.12369788605201
2024-01-09 12:00:00,93.72264399167435
2024-01-09 13:00:00,97.70418974265648
2024-01-09 14:00:00,94.74809988639413
2024-01-09 15:00:00,99.0160951580527
2024-01-09 16:00:00,95.76981587106589
2024-01-09 17:00:00,109.14736854306251
2024-01-09 18:00:00,169.43058765147893
2024-01-09 19:00:00,161.3152042253648
2024-01-09 20:00:00,156.87630206237966
2024-01-09 21:00:00,163.0706025971688
2024-01-09 22:00:00,156.49767351188416
2024-01-09 23:00:00,113.33142615002065
2024-01-10 00:00:00,67.24465558356177
2024-01-10 01:00:00,76.81044015135134
2024-01-10 02:00:00,65.06105726328234
2024-01-10 03:00:00,69.29572571720276
2024-01-10 04:00:00,71.64746903000564
2024-01-10 05:00:00,69.80602636009652
2024-01-10 06:00:00,132.54246825656978
2024-01-10 07:00:00,132.95092325763784
2024-01-10 08:00:00,133.69653589341823
2024-01-10 09:00:00,139.03345591562405
2024-01-10 10:00:00,151.44298533811505
2024-01-10 11:00:00,98.30965174483504
2024-01-10 12:00:00,96.7497214439698
2024-01-10 13:00:00,100.44146593648775
2024-01-10 14:00:00,102.62754406795057
2024-01-10 15:00:00,94.26927882837117
2024-01-10 16:00:00,105.56661356440999
2024-01-10 17:00:00,101.02903692474563
2024-01-10 18:00:00,167.08329441103874
2024-01-10 19:00:00,156.86452109185925
2024-01-10 20:00:00,163.5048289693543
2024-01-10 21:00:00,157.6285763027847
2024-01-10 22:00:00,158.74165158366716
2024-01-10 23:00:00,103.2182467464355
2024-01-11 00:00:00,72.39075271008733
2024-01-11 01:00:00,71.62016426620016
2024-01-11 02:00:00,64.20131196121895
2024-01-11 03:00:00,68.66615065631527
2024-01-11 04:00:00,75.91321399647806
2024-01-11 05:00:00,73.7509674470889
2024-01-11 06:00:00,142.86595267529984
2024-01-11 07:00:00,134.3650261737347
2024-01-11 08:00:00,148.80329650083306
2024-01-11 09:00:00,134.2479989897343
2024-01-11 10:00:00,154.066779555779
2024-01-11 11:00:00,100.18708523120172
2024-01-11 12:00:00,101.99875898231014
2024-01-11 13:00:00,98.23356348187008
2024-01-11 14:00:00,108.95032971300411
2024-01-11 15:00:00,95.01142079333293
2024-01-11 16:00:00,94.75023806033018
2024-01-11 17:00:00,95.41081652617572
2024-01-11 18:00:00,167.82517748100673
2024-01-11 19:00:00,164.07151754179523
2024-01-11 20:00:00,160.70569138791822
2024-01-11 21:00:00,153.8058634849628
2024-01-11 22:00:00,156.0487628605166
2024-01-11 23:00:00,105.09705949914395
2024-01-12 00:00:00,71.12145340911762
2024-01-12 01:00:00,61.39656649662834
2024-01-12 02:00:00,69.63583593145457
2024-01-12 03:00:00,69.17187155460535
2024-01-12 04:00:00,67.08893276138505
2024-01-12 05:00:00,68.70910315872644
2024-01-12 06:00:00,146.4832384525798
2024-01-12 07:00:00,141.379104613587
2024-01-12 08:00:00,142.81494809932326
2024-01-12 09:00:00,136.28852007042278
2024-01-12 10:00:00,145.94733871064722
2024-01-12 11:00:00,96.3655742589687
2024-01-12 12:00:00,98.15747954877273
2024-01-12 13:00:00,106.17252233150725
2024-01-12 14:00:00,108.19234365131322
2024-01-12 15:00:00,97.54082058592999
2024-01-12 16:00:00,96.19919690230839
2024-01-12 17:00:00,99.5154340008373
2024-01-12 18:00:00,159.14530075630094
2024-01-12 19:00:00,165.42254089334043
2024-01-12 20:00:00,154.6858564671776
2024-01-12 21:00:00,160.0842980746174
2024-01-12 22:00:00,166.44977871117004
2024-01-12 23:00:00,110.64806704783501
2024-01-13 00:00:00,54.06725459068582
2024-01-13 01:00:00,55.17021079138421
2024-01-13 02:00:00,61.20323080507906
2024-01-13 03:00:00,56.6826591497296
2024-01-13 04:00:00,54.70097720488604
2024-01-13 05:00:00,59.17427782430554
2024-01-13 06:00:00,132.3923520703776
2024-01-13 07:00:00,123.00057845283723
2024-01-13 08:00:00,122.44232683757053
2024-01-13 09:00:00,127.8675192772379
2024-01-13 10:00:00,140.95702298553098
2024-01-13 11:00:00,89.7497419878963
2024-01-13 12:00:00,89.4745002926924
2024-01-13 13:00:00,92.73869406850798
2024-01-13 14:00:00,80.21192899593184
2024-01-13 15:00:00,96.03327557282127
2024-01-13 16:00:00,89.22931539821134
2024-01-13 17:00:00,90.353818698948
2024-01-13 18:00:00,152.98740229385035
2024-01-13 19:00:00,151.44967702588747
2024-01-13 20:00:00,139.3602224304128
2024-01-13 21:00:00,138.70842102827393
2024-01-13 22:00:00,156.30117258531274
2024-01-13 23:00:00,90.57219381455157
2024-01-14 00:00:00,57.859428450542126
2024-01-14 01:00:00,60.5136542410909
2024-01-14 02:00:00,57.9784463597405
2024-01-14 03:00:00,62.380307772739634
2024-01-14 04:00:00,65.13421707557562
2024-01-14 05:00:00,52.44070028686733
2024-01-14 06:00:00,127.75293854806311
2024-01-14 07:00:00,138.55494484241495
2024-01-14 08:00:00,129.01905035665027
2024-01-14 09:00:00,122.99170492672786
2024-01-14 10:00:00,131.714222022853
2024-01-14 11:00:00,86.03767258000182
2024-01-14 12:00:00,88.59355565811414
2024-01-14 13:00:00,91.6644821218427
2024-01-14 14:00:00,87.93346531393303
2024-01-14 15:00:00,89.21785667045269
2024-01-14 16:00:00,95.97945893291852
2024-01-14 17:00:00,93.51448310745683
2024-01-14 18:00:00,157.18358513424354
2024-01-14 19:00:00,153.7276505170466
2024-01-14 20:00:00,144.22135030105633
2024-01-14 21:00:00,156.1511157865782
2024-01-14 22:00:00,147.40259328992533
2024-01-14 23:00:00,95.19615104475074
2024-01-15 00:00:00,73.87810953926981
2024-01-15 01:00:00,64.62800833450365
2024-01-15 02:00:00,67.41907463969092
2024-01-15 03:00:00,72.92741320490867
2024-01-15 04:00:00,68.67289238558382
2024-01-15 05:00:00,69.97040591867287
2024-01-15 06:00:00,135.97180551736582
2024-01-15 07:00:00,131.45395030650462
2024-01-15 08:00:00,137.74927633756798
2024-01-15 09:00:00,140.95293039008817
2024-01-15 10:00:00,138.59093430535782
2024-01-15 11:00:00,91.7219483627217
2024-01-15 12:00:00,97.07150317783082
2024-01-15 13:00:00,92.23673675355528
2024-01-15 14:00:00,93.22298653732342
2024-01-15 15:00:00,100.15592043616465
2024-01-15 16:00:00,100.03366073365302
2024-01-15 17:00:00,92.50867809686864
2024-01-15 18:00:00,156.53149447034875
2024-01-15 19:00:00,160.05395327306658
2024-01-15 20:00:00,161.19867719302727
2024-01-15 21:00:00,158.42550848836484
2024-01-15 22:00:00,160.7677815787448
2024-01-15 23:00:00,95.6808611026137
2024-01-16 00:00:00,72.42646994991027
2024-01-16 01:00:00,66.70303986957198
2024-01-16 02:00:00,64.39225987106626
2024-01-16 03:00:00,67.46223649572242
2024-01-16 04:00:00,69.30956764371936
2024-01-16 05:00:00,71.95070491401275
2024-01-16 06:00:00,141.1525030735119
2024-01-16 07:00:00,136.5795767347376
2024-01-16 08:00:00,138.64557498980375
2024-01-16 09:00:00,144.51498930392538
2024-01-16 10:00:00,144.97505331012408
2024-01-16 11:00:00,98.43438622981415
2024-01-16 12:00:00,95.05140144293078
2024-01-16 13:00:00,101.96783275275085
2024-01-16 14:00:00,98.63282734789257
2024-01-16 15:00:00,99.5547712247261
2024-01-16 16:00:00,101.62110211452175
2024-01-16 17:00:00,104.81064910288012
2024-01-16 18:00:00,152.56227231320554
2024-01-16 19:00:00,161.7976834961091
2024-01-16 20:00:00,162.7225731258624
2024-01-16 21:00:00,153.66054657927472
2024-01-16 22:00:00,160.76627889792226
2024-01-16 23:00:00,97.2659996504608
2024-01-17 00:00:00,73.83142697178485
2024-01-17 01:00:00,68.07224106124433
2024-01-17 02:00:00,75.41251366600174
2024-01-17 03:00:00,72.62714167638683
2024-01-17 04:00:00,74.1309481342057
2024-01-17 05:00:00,69.4897828762187
2024-01-17 06:00:00,138.88496831605843
2024-01-17 07:00:00,136.75191378796382
2024-01-17 08:00:00,130.24272147369715
2024-01-17 09:00:00,140.3376344316011
2024-01-17 10:00:00,143.43142436815214
2024-01-17 11:00:00,98.47987382834664
2024-01-17 12:00:00,98.67268554979024
2024-01-17 13:00:00,98.32330206694117
2024-01-17 14:00:00,85.95365813053152
2024-01-17 15:00:00,98.10733993546694
2024-01-17 16:00:00,102.98338045848693
2024-01-17 17:00:00,106.27787444586825
2024-01-17 18:00:00,159.57979215314626
2024-01-17 19:00:00,157.76688208246753
2024-01-17 20:00:00,158.3700788307831
2024-01-17 21:00:00,168.3316154532266
2024-01-17 22:00:00,157.57022293402352
2024-01-17 23:00:00,102.87566709623152
2024-01-18 00:00:00,68.29310626341402
2024-01-18 01:00:00,71.31821723226514
2024-01-18 02:00:00,63.34331968823452
2024-01-18 03:00:00,65.77027380420166
2024-01-18 04:00:00,65.11219975290805
2024-01-18 05:00:00,64.07927788294413
2024-01-18 06:00:00,131.26115096919372
2024-01-18 07:00:00,137.27841102840327
2024-01-18 08:00:00,139.66661381167202
2024-01-18 09:00:00,140.9040596163575
2024-01-18 10:00:00,144.68571080783934
2024-01-18 11:00:00,92.59346371538686
2024-01-18 12:00:00,99.3316221447173
2024-01-18 13:00:00,108.74404982842759
2024-01-18 14:00:00,102.35873398528848
2024-01-18 15:00:00,109.4478752089779
2024-01-18 16:00:00,96.60515260707561
2024-01-18 17:00:00,93.81190298880018
2024-01-18 18:00:00,157.99523852920157
2024-01-18 19:00:00,158.17855760095256
2024-01-18 20:00:00,154.6661188042873
2024-01-18 21:00:00,152.33068775294927
2024-01-18 22:00:00,171.8223167127524
2024-01-18 23:00:00,99.26766640211169
2024-01-19 00:00:00,70.16594832515742
2024-01-19 01:00:00,60.296624156936986
2024-01-19 02:00:00,75.59818157394838
2024-01-19 03:00:00,71.18858115418324
2024-01-19 04:00:00,69.75805991812683
2024-01-19 05:00:00,65.08511884688016
2024-01-19 06:00:00,139.7829498775617
2024-01-19 07:00:00,134.59035670799952
2024-01-19 08:00:00,153.1765796378732
2024-01-19 09:00:00,139.14496755343094
2024-01-19 10:00:00,138.47151307300092
2024-01-19 11:00:00,99.60056685425764
2024-01-19 12:00:00,96.11232915570366
2024-01-19 13:00:00,102.75648532384102
2024-01-19 14:00:00,101.72784044051613
2024-01-19 15:00:00,102.56488712653656
2024-01-19 16:00:00,98.07456538161658
2024-01-19 17:00:00,102.45103963074341
2024-01-19 18:00:00,162.5122036549033
2024-01-19 19:00:00,158.76766175705947
2024-01-19 20:00:00,152.62027630036596
2024-01-19 21:00:00,161.25341629458646
2024-01-19 22:00:00,157.17900262730106
2024-01-19 23:00:00,101.5908552178624
2024-01-20 00:00:00,54.99999391909593
2024-01-20 01:00:00,67.31470793862177
2024-01-20 02:00:00,54.35151707829364
2024-01-20 03:00:00,64.35430319522678
2024-01-20 04:00:00,53.49515547450463
2024-01-20 05:00:00,61.98309249398837
2024-01-20 06:00:00,129.33633655001418
2024-01-20 07:00:00,133.29522385203708
2024-01-20 08:00:00,132.88007248913866
2024-01-20 09:00:00,136.7060368218208
2024-01-20 10:00:00,133.00442351757684
2024-01-20 11:00:00,79.21781712506677
2024-01-20 12:00:00,83.83757052099602
2024-01-20 13:00:00,84.8940637057948
2024-01-20 14:00:00,87.47500794415332
2024-01-20 15:00:00,98.94140075657205
2024-01-20 16:00:00,84.74049512463137
2024-01-20 17:00:00,90.20442735723414
2024-01-20 18:00:00,154.99738877501701
2024-01-20 19:00:00,151.8940026575306
2024-01-20 20:00:00,154.5356395460353
2024-01-20 21:00:00,150.47176177252007
2024-01-20 22:00:00,152.27912903211967
2024-01-20 23:00:00,90.15312391911219
2024-01-21 00:00:00,56.248417758475206
2024-01-21 01:00:00,66.23109163413457
2024-01-21 02:00:00,61.886198191406976
2024-01-21 03:00:00,60.57718103499077
2024-01-21 04:00:00,60.5599746633592
2024-01-21 05:00:00,58.12122442974622
2024-01-21 06:00:00,131.30912358164306
2024-01-21 07:00:00,140.93101875845676
2024-01-21 08:00:00,129.77108049845674
2024-01-21 09:00:00,133.34328168707938
2024-01-21 10:00:00,134.6076871724876
2024-01-21 11:00:00,92.69681032406928
2024-01-21 12:00:00,102.40402543557923
2024-01-21 13:00:00,95.19059526234801
2024-01-21 14:00:00,83.1450206524255
2024-01-21 15:00:00,88.32107183216306
2024-01-21 16:00:00,88.80303450800658
2024-01-21 17:00:00,99.19842828789021
2024-01-21 18:00:00,151.05165527560368
2024-01-21 19:00:00,150.41550897159516
2024-01-21 20:00:00,146.04687780660376
2024-01-21 21:00:00,151.09247509364275
2024-01-21 22:00:00,156.23251676904027
2024-01-21 23:00:00,87.05856703910933
2024-01-22 00:00:00,73.71113225407787
2024-01-22 01:00:00,69.22344621420253
2024-01-22 02:00:00,70.71389375677563
2024-01-22 03:00:00,62.8428653048826
2024-01-22 04:00:00,64.34666357779038
2024-01-22 05:00:00,71.30163761429337
2024-01-22 06:00:00,140.64528630762769
2024-01-22 07:00:00,132.9717824326227
2024-01-22 08:00:00,144.29883719957465
2024-01-22 09:00:00,138.83017443512406
2024-01-22 10:00:00,136.07310330223672
2024-01-22 11:00:00,90.4383317202944
2024-01-22 12:00:00,99.26815633616619
2024-01-22 13:00:00,100.03549874702662
2024-01-22 14:00:00,107.40206868957284
2024-01-22 15:00:00,96.99849627973401
2024-01-22 16:00:00,103.72844378440271
2024-01-22 17:00:00,96.35419962274028
2024-01-22 18:00:00,167.81693714329342
2024-01-22 19:00:00,160.63393050003907
2024-01-22 20:00:00,162.61800527901738
2024-01-22 21:00:00,164.14424545457712
2024-01-22 22:00:00,161.5529551984999
2024-01-22 23:00:00,101.71030629700113
2024-01-23 00:00:00,76.01486351465192
2024-01-23 01:00:00,73.88717609376118
2024-01-23 02:00:00,81.20726870450845
2024-01-23 03:00:00,69.09521207492698
2024-01-23 04:00:00,67.60913477889807
2024-01-23 05:00:00,73.2497591871105
2024-01-23 06:00:00,137.5383840681369
2024-01-23 07:00:00,139.29779383785475
2024-01-23 08:00:00,133.6540809834143
2024-01-23 09:00:00,139.9754783819146
2024-01-23 10:00:00,129.97745163740862
2024-01-23 11:00:00,89.87181152096906
2024-01-23 12:00:00,105.82146516011815
2024-01-23 13:00:00,93.47085172337768
2024-01-23 14:00:00,99.87165677383763
2024-01-23 15:00:00,93.16230758517273
2024-01-23 16:00:00,98.87055277421791
2024-01-23 17:00:00,98.6576199701539
2024-01-23 18:00:00,164.2145086981174
2024-01-23 19:00:00,159.5819413156622
2024-01-23 20:00:00,161.57528295665375
2024-01-23 21:00:00,163.87822889020597
2024-01-23 22:00:00,159.8262203291946
2024-01-23 23:00:00,102.02199289923443
2024-01-24 00:00:00,68.73671471529373
2024-01-24 01:00:00,72.20100633860713
2024-01-24 02:00:00,63.327230145763295
2024-01-24 03:00:00,82.49616320929447
2024-01-24 04:00:00,64.52582713715235
2024-01-24 05:00:00,75.2309405561092
2024-01-24 06:00:00,140.44164340317502
2024-01-24 07:00:00,134.46372049783344
2024-01-24 08:00:00,145.53642186301425
2024-01-24 09:00:00,135.81396980750714
2024-01-24 10:00:00,139.4396321498476
2024-01-24 11:00:00,94.23588023685564
2024-01-24 12:00:00,103.00708832433948
2024-01-24 13:00:00,104.01452862121369
2024-01-24 14:00:00,92.08125033606875
2024-01-24 15:00:00,103.74345878465972
2024-01-24 16:00:00,98.64356744404611
2024-01-24 17:00:00,103.91886826404212
2024-01-24 18:00:00,167.4618104545495
2024-01-24 19:00:00,162.6548932337416
2024-01-24 20:00:00,157.2263219137761
2024-01-24 21:00:00,160.24914271258456
2024-01-24 22:00:00,160.28256806818476
2024-01-24 23:00:00,104.6040625937146
2024-01-25 00:00:00,76.37822514894185
2024-01-25 01:00:00,66.55751509887101
2024-01-25 02:00:00,70.9221167694231
2024-01-25 03:00:00,62.312637112024674
2024-01-25 04:00:00,76.89588718801659
2024-01-25 05:00:00,71.18650211569808
2024-01-25 06:00:00,135.16541361142234
2024-01-25 07:00:00,138.33956818449022
2024-01-25 08:00:00,138.41774106942216
2024-01-25 09:00:00,139.1255520659497
2024-01-25 10:00:00,145.01540551890662
2024-01-25 11:00:00,94.14766982238457
2024-01-25 12:00:00,96.0905523013111
2024-01-25 13:00:00,104.28806542964917
2024-01-25 14:00:00,97.05330034360001
2024-01-25 15:00:00,96.11945284938679
2024-01-25 16:00:00,96.18104311281783
2024-01-25 17:00:00,99.9336259263173
2024-01-25 18:00:00,164.83439850916494
2024-01-25 19:00:00,157.66637388354232
2024-01-25 20:00:00,154.03817796216595
2024-01-25 21:00:00,164.34556596236322
2024-01-25 22:00:00,157.5302366049152
2024-01-25 23:00:00,106.15315816840763
2024-01-26 00:00:00,74.88131114364843
2024-01-26 01:00:00,78.39085455550405
2024-01-26 02:00:00,66.02654431089493
2024-01-26 03:00:00,73.77520678647103
2024-01-26 04:00:00,62.915180603730086
2024-01-26 05:00:00,65.13858979438966
2024-01-26 06:00:00,144.07341143175785
2024-01-26 07:00:00,141.19615988630508
2024-01-26 08:00:00,141.1063448470979
2024-01-26 09:00:00,138.87155679639412
2024-01-26 10:00:00,140.2342155263081
2024-01-26 11:00:00,97.03997766201002
2024-01-26 12:00:00,87.39562265822511
2024-01-26 13:00:00,99.36792361463677
2024-01-26 14:00:00,97.38809957461454
2024-01-26 15:00:00,101.41301981056355
2024-01-26 16:00:00,99.85168092279606
2024-01-26 17:00:00,103.68769307643454
2024-01-26 18:00:00,155.39247554804413
2024-01-26 19:00:00,158.79954879432398
2024-01-26 20:00:00,161.26386970862453
2024-01-26 21:00:00,164.10161920495725
2024-01-26 22:00:00,159.47804941250212
2024-01-26 23:00:00,102.81178095405483
2024-01-27 00:00:00,57.46012231484152
2024-01-27 01:00:00,55.554472268090954
2024-01-27 02:00:00,60.45762247245259
2024-01-27 03:00:00,68.48435573825974
2024-01-27 04:00:00,64.91705261296656
2024-01-27 05:00:00,59.943442725283155
2024-01-27 06:00:00,128.08225396746946
2024-01-27 07:00:00,133.18779840455278
2024-01-27 08:00:00,133.57651450282393
2024-01-27 09:00:00,132.03490798230553
2024-01-27 10:00:00,137.6460759878762
2024-01-27 11:00:00,97.89713409759123
2024-01-27 12:00:00,91.28146235586243
2024-01-27 13:00:00,88.68869386672105
2024-01-27 14:00:00,92.01249535155068
2024-01-27 15:00:00,89.01076958915444
2024-01-27 16:00:00,92.83787951273248
2024-01-27 17:00:00,84.5968317148406
2024-01-27 18:00:00,150.0788995658496
2024-01-27 19:00:00,143.60512531268458
2024-01-27 20:00:00,153.23056585173342
2024-01-27 21:00:00,146.71714406467584
2024-01-27 22:00:00,147.68160590944794
2024-01-27 23:00:00,92.68945038925615
2024-01-28 00:00:00,64.31292038493748
2024-01-28 01:00:00,68.76716127878142
2024-01-28 02:00:00,55.21181147694117
2024-01-28 03:00:00,67.87894316317288
2024-01-28 04:00:00,59.87776598455798
2024-01-28 05:00:00,53.87607896802234
2024-01-28 06:00:00,134.5143604154885
2024-01-28 07:00:00,132.07717344790166
2024-01-28 08:00:00,135.83913661368675
2024-01-28 09:00:00,128.6123650146223
2024-01-28 10:00:00,135.08390827341475
2024-01-28 11:00:00,88.2969857412395
2024-01-28 12:00:00,89.74857651206612
2024-01-28 13:00:00,89.21116511357253
2024-01-28 14:00:00,95.88138183714203
2024-01-28 15:00:00,91.40688567176268
2024-01-28 16:00:00,90.54221641303931
2024-01-28 17:00:00,90.57528881311855
2024-01-28 18:00:00,153.8944047807827
2024-01-28 19:00:00,148.94378253828475
2024-01-28 20:00:00,149.90777657711448
2024-01-28 21:00:00,152.0626553749471
2024-01-28 22:00:00,149.79812890777472
2024-01-28 23:00:00,86.65478231709028
2024-01-29 00:00:00,72.45438350712082
2024-01-29 01:00:00,74.26357488378768
2024-01-29 02:00:00,76.76819311432335
2024-01-29 03:00:00,69.6494982031665
2024-01-29 04:00:00,72.02862049409218
2024-01-29 05:00:00,66.3687185761594
2024-01-29 06:00:00,138.37911090498065
2024-01-29 07:00:00,141.43461725679984
2024-01-29 08:00:00,136.71638725631618
2024-01-29 09:00:00,142.52179901378102
2024-01-29 10:00:00,135.87672297683181
2024-01-29 11:00:00,107.74957319154134
2024-01-29 12:00:00,100.74432292495942
2024-01-29 13:00:00,99.79471213168048
2024-01-29 14:00:00,107.04390967239193
2024-01-29 15:00:00,109.27362100343544
2024-01-29 16:00:00,99.50036778058418
2024-01-29 17:00:00,95.50276958718297
2024-01-29 18:00:00,164.4687598593023
2024-01-29 19:00:00,161.19075798248002
2024-01-29 20:00:00,162.6669788055332
2024-01-29 21:00:00,166.42238613703142
2024-01-29 22:00:00,156.7258703939392
2024-01-29 23:00:00,103.44803096010989
2024-01-30 00:00:00,75.28406400896104
2024-01-30 01:00:00,63.41609831739658
2024-01-30 02:00:00,72.03386001032305
2024-01-30 03:00:00,64.17994553441805
2024-01-30 04:00:00,63.52026988239821
2024-01-30 05:00:00,63.7970862596273
2024-01-30 06:00:00,134.3957079940159
2024-01-30 07:00:00,138.801666585133
2024-01-30 08:00:00,130.38908972126913
2024-01-30 09:00:00,135.75009119967575
2024-01-30 10:00:00,135.90070384834357
2024-01-30 11:00:00,97.91926168637897
2024-01-30 12:00:00,108.21001177569062
2024-01-30 13:00:00,103.31781796843075
2024-01-30 14:00:00,96.29191167951156
2024-01-30 15:00:00,102.47145493137518
2024-01-30 16:00:00,104.4151584638123
2024-01-30 17:00:00,101.46251025288409
2024-01-30 18:00:00,160.3192404685389
2024-01-30 19:00:00,155.53622740869372
2024-01-30 20:00:00,162.87865935647437
2024-01-30 21:00:00,163.23439130792207
2024-01-30 22:00:00,155.24693893942998
2024-01-30 23:00:00,98.17161781257828
2024-01-31 00:00:00,67.61761519883467
2024-01-31 01:00:00,71.05634736016202
2024-01-31 02:00:00,65.13845093049521
2024-01-31 03:00:00,65.7398132363781
2024-01-31 04:00:00,74.11554228835546
2024-01-31 05:00:00,73.02808094599554
2024-01-31 06:00:00,139.6370767390704
2024-01-31 07:00:00,146.65746774832704
2024-01-31 08:00:00,133.7593789978708
2024-01-31 09:00:00,150.31598039740697
2024-01-31 10:00:00,135.55238012514494
2024-01-31 11:00:00,106.06174683748321
2024-01-31 12:00:00,101.40012250696999
2024-01-31 13:00:00,86.43709997228225
2024-01-31 14:00:00,102.83978188423389
2024-01-31 15:00:00,102.50707337144003
2024-01-31 16:00:00,95.3967258585145
2024-01-31 17:00:00,99.11701189090604
2024-01-31 18:00:00,158.56394319157232
2024-01-31 19:00:00,148.32974503857395
2024-01-31 20:00:00,155.1897699002608
2024-01-31 21:00:00,160.4448008398993
2024-01-31 22:00:00,155.81159103219713
2024-01-31 23:00:00,99.70780271604751
2024-02-01 00:00:00,74.48693643501855
2024-02-01 01:00:00,73.54924980084746
2024-02-01 02:00:00,74.24034919637668
2024-02-01 03:00:00,60.95329053191728
2024-02-01 04:00:00,63.91804217473647
2024-02-01 05:00:00,68.71081386750356
2024-02-01 06:00:00,142.39577450564542
2024-02-01 07:00:00,139.26220056097276
2024-02-01 08:00:00,132.20644212873128
2024-02-01 09:00:00,139.75316191741666
2024-02-01 10:00:00,140.03936314040624
2024-02-01 11:00:00,102.57852890944615
2024-02-01 12:00:00,104.13702923060882
2024-02-01 13:00:00,95.92672390385047
2024-02-01 14:00:00,98.55829322793373
2024-02-01 15:00:00,94.52016609614743
2024-02-01 16:00:00,100.7098838271294
2024-02-01 17:00:00,98.45835261262303
2024-02-01 18:00:00,153.75309736032693
2024-02-01 19:00:00,161.66509202396804
2024-02-01 20:00:00,158.34407086849794
2024-02-01 21:00:00,162.48034183834434
2024-02-01 22:00:00,159.4883782415987
2024-02-01 23:00:00,97.47052731145686
2024-02-02 00:00:00,75.47145080432786
2024-02-02 01:00:00,66.91169742538496
2024-02-02 02:00:00,66.21166804504927
2024-02-02 03:00:00,76.22935267825096
2024-02-02 04:00:00,71.6967835044507
2024-02-02 05:00:00,62.7982923008522
2024-02-02 06:00:00,144.12549787994718
2024-02-02 07:00:00,138.99656542381666
2024-02-02 08:00:00,133.9036252312304
2024-02-02 09:00:00,148.17323220556884
2024-02-02 10:00:00,136.5202495346944
2024-02-02 11:00:00,95.94026274535737
2024-02-02 12:00:00,115.69559818148355
2024-02-02 13:00:00,98.58613791709055
2024-02-02 14:00:00,94.4847106860348
2024-02-02 15:00:00,102.41488385749766
2024-02-02 16:00:00,97.71161554034121
2024-02-02 17:00:00,91.568928129582
2024-02-02 18:00:00,158.1387393812708
2024-02-02 19:00:00,161.73988464482437
2024-02-02 20:00:00,161.5846083522386
2024-02-02 21:00:00,168.15155925874888
2024-02-02 22:00:00,159.0630662815554
2024-02-02 23:00:00,99.29796502160974
2024-02-03 00:00:00,56.60911397607233
2024-02-03 01:00:00,62.82829960470728
2024-02-03 02:00:00,53.60576908034196
2024-02-03 03:00:00,59.801894110850476
2024-02-03 04:00:00,52.47952917823292
2024-02-03 05:00:00,62.12335439147179
2024-02-03 06:00:00,134.0334434153751
2024-02-03 07:00:00,132.20120522190692
2024-02-03 08:00:00,133.69865427183
2024-02-03 09:00:00,126.49805007938687
2024-02-03 10:00:00,136.90192219123605
2024-02-03 11:00:00,87.16821196147202
2024-02-03 12:00:00,83.57391869441997
2024-02-03 13:00:00,96.53772114832427
2024-02-03 14:00:00,82.56262356009428
2024-02-03 15:00:00,102.62348453006015
2024-02-03 16:00:00,86.23131360310668
2024-02-03 17:00:00,88.61255615629896
2024-02-03 18:00:00,156.57996578280057
2024-02-03 19:00:00,155.18309997179608
2024-02-03 20:00:00,150.37239142382427
2024-02-03 21:00:00,153.206304787462
2024-02-03 22:00:00,152.99577615810705
2024-02-03 23:00:00,83.82118210553362
2024-02-04 00:00:00,59.99418370871456
2024-02-04 01:00:00,66.75679557346243
2024-02-04 02:00:00,63.70473156547725
2024-02-04 03:00:00,58.89561853960311
2024-02-04 04:00:00,62.14478685410431
2024-02-04 05:00:00,70.54134298380441
2024-02-04 06:00:00,128.77338654150503
2024-02-04 07:00:00,137.87066027541667
2024-02-04 08:00:00,135.85056630689425
2024-02-04 09:00:00,129.0563865667721
2024-02-04 10:00:00,133.7423097342232
2024-02-04 11:00:00,82.18919145463956
2024-02-04 12:00:00,89.2327224635057
2024-02-04 13:00:00,86.1159852170322
2024-02-04 14:00:00,85.91817596685986
2024-02-04 15:00:00,86.62272656269761
2024-02-04 16:00:00,88.71160811148958
2024-02-04 17:00:00,88.78063695975801
2024-02-04 18:00:00,145.65091927159423
2024-02-04 19:00:00,147.26859585922844
2024-02-04 20:00:00,148.487022025735
2024-02-04 21:00:00,149.1333516016432
2024-02-04 22:00:00,148.7456734137966
2024-02-04 23:00:00,92.51141039574912
2024-02-05 00:00:00,68.76389218481174
2024-02-05 01:00:00,70.78456720194028
2024-02-05 02:00:00,69.83112414266932
2024-02-05 03:00:00,63.93397954467545
2024-02-05 04:00:00,67.2810836696127
2024-02-05 05:00:00,68.64941515998731
2024-02-05 06:00:00,137.6016470156668
2024-02-05 07:00:00,141.68743988307514
2024-02-05 08:00:00,137.24260515811554
2024-02-05 09:00:00,145.52238257821682
2024-02-05 10:00:00,141.77128932903918
2024-02-05 11:00:00,112.05400465449885
2024-02-05 12:00:00,109.44138177370961
2024-02-05 13:00:00,104.74642904895171
2024-02-05 14:00:00,98.52126380957344
2024-02-05 15:00:00,96.78180878942418
2024-02-05 16:00:00,95.86352159953188
2024-02-05 17:00:00,94.12733319237425
2024-02-05 18:00:00,160.04873918433583
2024-02-05 19:00:00,167.3154436561511
2024-02-05 20:00:00,164.48195472551726
2024-02-05 21:00:00,172.29153517498844
2024-02-05 22:00:00,165.01049091972115
2024-02-05 23:00:00,95.55152310696063
2024-02-06 00:00:00,69.72384844380306
2024-02-06 01:00:00,67.99068224559257
2024-02-06 02:00:00,77.40146170593819
2024-02-06 03:00:00,69.19277900129597
2024-02-06 04:00:00,72.3878222512951
2024-02-06 05:00:00,71.52675023318011
2024-02-06 06:00:00,139.77276002746356
2024-02-06 07:00:00,129.49631481921642
2024-02-06 08:00:00,139.2316581532051
2024-02-06 09:00:00,144.94075178993353
2024-02-06 10:00:00,145.1511819997535
2024-02-06 11:00:00,84.63919338674738
2024-02-06 12:00:00,94.82698577419904
2024-02-06 13:00:00,95.65437101228544
2024-02-06 14:00:00,91.51344624303809
2024-02-06 15:00:00,103.50433128900205
2024-02-06 16:00:00,91.88094990852693
2024-02-06 17:00:00,103.98396967726441
2024-02-06 18:00:00,158.85254588388278
2024-02-06 19:00:00,163.5371347796998
2024-02-06 20:00:00,160.30795146661188
2024-02-06 21:00:00,164.20042908114027
2024-02-06 22:00:00,160.98467209997852
2024-02-06 23:00:00,101.9112768459531
2024-02-07 00:00:00,68.97471308712572
2024-02-07 01:00:00,65.70506519953823
2024-02-07 02:00:00,64.70082530491295
2024-02-07 03:00:00,72.38773869231763
2024-02-07 04:00:00,75.21019450491009
2024-02-07 05:00:00,53.59187579595974
2024-02-07 06:00:00,137.41430818192984
2024-02-07 07:00:00,134.52630327264797
2024-02-07 08:00:00,134.09781449100421
2024-02-07 09:00:00,139.43417965818693
2024-02-07 10:00:00,135.67535588545235
2024-02-07 11:00:00,103.55324668668692
2024-02-07 12:00:00,105.33066363981702
2024-02-07 13:00:00,101.59491576989845
2024-02-07 14:00:00,98.50896323852099
2024-02-07 15:00:00,97.07634990965947
2024-02-07 16:00:00,98.98583787266655
2024-02-07 17:00:00,107.53287060230937
2024-02-07 18:00:00,165.08977964415433
2024-02-07 19:00:00,165.74501484378945
2024-02-07 20:00:00,159.90875737673474
2024-02-07 21:00:00,158.37880331121076
2024-02-07 22:00:00,144.30239555565578
2024-02-07 23:00:00,101.16750507751901
2024-02-08 00:00:00,71.92073075224444
2024-02-08 01:00:00,64.73501926363608
2024-02-08 02:00:00,69.92138892153233
2024-02-08 03:00:00,82.5312746537604
2024-02-08 04:00:00,72.80069549661978
2024-02-08 05:00:00,67.35951828554809
2024-02-08 06:00:00,140.4438624706709
2024-02-08 07:00:00,140.5567792446681
2024-02-08 08:00:00,133.25829867566523
2024-02-08 09:00:00,143.87070904471676
2024-02-08 10:00:00,137.32188641644385
2024-02-08 11:00:00,96.6242630083967
2024-02-08 12:00:00,106.04468251578461
2024-02-08 13:00:00,105.03688249226613
2024-02-08 14:00:00,101.5322370615341
2024-02-08 15:00:00,104.07058775971969
2024-02-08 16:00:00,99.83185488277334
2024-02-08 17:00:00,99.5701065396727
2024-02-08 18:00:00,161.04497217959937
2024-02-08 19:00:00,161.74727839942244
2024-02-08 20:00:00,166.66947359215868
2024-02-08 21:00:00,162.45625236158955
2024-02-08 22:00:00,158.79067896695634
2024-02-08 23:00:00,104.19516860108074
2024-02-09 00:00:00,73.15444817224135
2024-02-09 01:00:00,62.66772690124083
2024-02-09 02:00:00,74.0449943086679
2024-02-09 03:00:00,74.91881967038249
2024-02-09 04:00:00,71.00347565005671
2024-02-09 05:00:00,71.18210088331034
2024-02-09 06:00:00,131.04160945001388
2024-02-09 07:00:00,131.2963692624616
2024-02-09 08:00:00,136.93109012480508
2024-02-09 09:00:00,145.94868872380775
2024-02-09 10:00:00,142.09086667866455
2024-02-09 11:00:00,99.5115428932353
2024-02-09 12:00:00,94.27752436376343
2024-02-09 13:00:00,103.06352800820169
2024-02-09 14:00:00,105.80982431130212
2024-02-09 15:00:00,99.53819048696167
2024-02-09 16:00:00,111.12541833389689
2024-02-09 17:00:00,106.99397768418002
2024-02-09 18:00:00,154.2365776458581
2024-02-09 19:00:00,157.07747789258673
2024-02-09 20:00:00,159.16882501952296
2024-02-09 21:00:00,162.8989265904838
2024-02-09 22:00:00,160.20356701679273
2024-02-09 23:00:00,96.04075308273782
2024-02-10 00:00:00,54.025979677284624
2024-02-10 01:00:00,62.812557766935996
2024-02-10 02:00:00,58.035385511491455
2024-02-10 03:00:00,58.59079904083962
2024-02-10 04:00:00,53.598089222164205
2024-02-10 05:00:00,60.77629951784593
2024-02-10 06:00:00,128.7579466221035
2024-02-10 07:00:00,119.8037528482999
2024-02-10 08:00:00,135.99203435978328
2024-02-10 09:00:00,118.50233762957535
2024-02-10 10:00:00,130.41921135877809
2024-02-10 11:00:00,87.52184612509026
2024-02-10 12:00:00,88.29781056635638
2024-02-10 13:00:00,96.17126306541684
2024-02-10 14:00:00,98.75682223400734
2024-02-10 15:00:00,94.73252521748013
2024-02-10 16:00:00,85.6437887827889
2024-02-10 17:00:00,83.94048508813206
2024-02-10 18:00:00,152.41339767740126
2024-02-10 19:00:00,148.16611151113847
2024-02-10 20:00:00,160.71982309616024
2024-02-10 21:00:00,147.34388539642464
2024-02-10 22:00:00,150.92108723288018
2024-02-10 23:00:00,86.50649950946801
2024-02-11 00:00:00,62.766101694801335
2024-02-11 01:00:00,56.18432115472463
2024-02-11 02:00:00,62.715260210985804
2024-02-11 03:00:00,59.444731514663744
2024-02-11 04:00:00,52.86865055272371
2024-02-11 05:00:00,56.883630149123434
2024-02-11 06:00:00,125.38172930008326
2024-02-11 07:00:00,127.941041363789
2024-02-11 08:00:00,125.3690837789357
2024-02-11 09:00:00,134.27888309768508
2024-02-11 10:00:00,134.41639796152563
2024-02-11 11:00:00,98.35169316027192
2024-02-11 12:00:00,86.2709822116703
2024-02-11 13:00:00,85.63006025475235
2024-02-11 14:00:00,93.18222978126397
2024-02-11 15:00:00,90.21351564595388
2024-02-11 16:00:00,91.95186262978355
2024-02-11 17:00:00,85.50516520104198
2024-02-11 18:00:00,147.33830271619985
2024-02-11 19:00:00,153.61326074256917
2024-02-11 20:00:00,153.83500106822217
2024-02-11 21:00:00,159.40409349220613
2024-02-11 22:00:00,150.63702179694604
2024-02-11 23:00:00,88.10950815006187
2024-02-12 00:00:00,65.9029517167364
2024-02-12 01:00:00,74.20428680735633
2024-02-12 02:00:00,70.2280814647076
2024-02-12 03:00:00,78.38767850234774
2024-02-12 04:00:00,65.84312267304458
2024-02-12 05:00:00,74.27881377795283
2024-02-12 06:00:00,150.11593237101323
2024-02-12 07:00:00,133.8864747145738
2024-02-12 08:00:00,144.85087401939757
2024-02-12 09:00:00,145.18360932204382
2024-02-12 10:00:00,136.37475057382747
2024-02-12 11:00:00,108.9801060442804
2024-02-12 12:00:00,99.86525837760918
2024-02-12 13:00:00,96.75514772089595
2024-02-12 14:00:00,104.10077677359622
2024-02-12 15:00:00,98.11737666505479
2024-02-12 16:00:00,92.51447492609857
2024-02-12 17:00:00,98.32392935116877
2024-02-12 18:00:00,160.44812649119854
2024-02-12 19:00:00,160.55587481335766
2024-02-12 20:00:00,161.00596106295413
2024-02-12 21:00:00,164.25108842402912
2024-02-12 22:00:00,159.47668327025085
2024-02-12 23:00:00,92.83874268489134
2024-02-13 00:00:00,70.79100981761961
2024-02-13 01:00:00,66.34311991909779
2024-02-13 02:00:00,69.32156181662756
2024-02-13 03:00:00,76.13565024341125
2024-02-13 04:00:00,72.76334826458088
2024-02-13 05:00:00,70.09079825154063
2024-02-13 06:00:00,140.2485540467915
2024-02-13 07:00:00,128.8227312027423
2024-02-13 08:00:00,141.2525562106705
2024-02-13 09:00:00,140.25542918703633
2024-02-13 10:00:00,140.6652342881488
2024-02-13 11:00:00,95.53523185971393
2024-02-13 12:00:00,95.05407517846078
2024-02-13 13:00:00,95.3063730475597
2024-02-13 14:00:00,97.21415564882803
2024-02-13 15:00:00,98.56501398146287
2024-02-13 16:00:00,104.49656482694591
2024-02-13 17:00:00,89.42290886892108
2024-02-13 18:00:00,173.96539920454202
2024-02-13 19:00:00,149.37092684997992
2024-02-13 20:00:00,154.49549023236386
2024-02-13 21:00:00,161.0722573743954
2024-02-13 22:00:00,159.64627859484568
2024-02-13 23:00:00,100.65343260406667
2024-02-14 00:00:00,70.8572906931299
2024-02-14 01:00:00,71.87189676546774
2024-02-14 02:00:00,64.35943621352537
2024-02-14 03:00:00,66.51893552858905
2024-02-14 04:00:00,74.9794961617244
2024-02-14 05:00:00,68.02703604329923
2024-02-14 06:00:00,145.177500055232
2024-02-14 07:00:00,146.4915473300017
2024-02-14 08:00:00,142.2248182235043
2024-02-14 09:00:00,142.68324419465068
2024-02-14 10:00:00,133.53837143155565
2024-02-14 11:00:00,104.48520269677589
2024-02-14 12:00:00,95.69471298418014
2024-02-14 13:00:00,102.37859057202427
2024-02-14 14:00:00,95.01812124339304
2024-02-14 15:00:00,95.10511211798158
2024-02-14 16:00:00,98.61810485806222
2024-02-14 17:00:00,93.08108874375989
2024-02-14 18:00:00,162.31423142876957
2024-02-14 19:00:00,158.2189972712673
2024-02-14 20:00:00,157.79952521368236
2024-02-14 21:00:00,163.29165529517135
2024-02-14 22:00:00,154.9492010759024
2024-02-14 23:00:00,100.92023764863426
2024-02-15 00:00:00,69.51515019243938
2024-02-15 01:00:00,68.98440708996421
2024-02-15 02:00:00,71.91665188084326
2024-02-15 03:00:00,59.92161359389053
2024-02-15 04:00:00,61.58057849538189
2024-02-15 05:00:00,63.81385816500608
2024-02-15 06:00:00,140.2647195789889
2024-02-15 07:00:00,140.24899660478508
2024-02-15 08:00:00,141.0130362705307
2024-02-15 09:00:00,139.36936584107391
2024-02-15 10:00:00,132.85034455107134
2024-02-15 11:00:00,104.5431266442209
2024-02-15 12:00:00,91.63701609078473
2024-02-15 13:00:00,90.61538164986986
2024-02-15 14:00:00,103.1092439672581
2024-02-15 15:00:00,95.867695707828
2024-02-15 16:00:00,98.28155624484837
2024-02-15 17:00:00,93.56206202711753
2024-02-15 18:00:00,161.01071388086595
2024-02-15 19:00:00,155.54516724382418
2024-02-15 20:00:00,153.163721479439
2024-02-15 21:00:00,150.92558193838565
2024-02-15 22:00:00,159.9558221380909
2024-02-15 23:00:00,95.13425545467865
2024-02-16 00:00:00,66.64091977435037
2024-02-16 01:00:00,70.59114991521307
2024-02-16 02:00:00,74.97897475998896
2024-02-16 03:00:00,66.80478259284956
2024-02-16 04:00:00,71.54834507208584
2024-02-16 05:00:00,68.03515008670952
2024-02-16 06:00:00,143.41918090260813
2024-02-16 07:00:00,140.82138721374028
2024-02-16 08:00:00,138.02958439346338
2024-02-16 09:00:00,132.84728130595772
2024-02-16 10:00:00,137.25635553022283
2024-02-16 11:00:00,98.7604743178377
2024-02-16 12:00:00,97.27470433862945
2024-02-16 13:00:00,103.2667137278139
2024-02-16 14:00:00,93.57305279226941
2024-02-16 15:00:00,113.59687488305472
2024-02-16 16:00:00,100.113778070525
2024-02-16 17:00:00,108.57698522702928
2024-02-16 18:00:00,163.25566660819766
2024-02-16 19:00:00,160.64766874045435
2024-02-16 20:00:00,155.62440781534238
2024-02-16 21:00:00,161.2505345717743
2024-02-16 22:00:00,161.11416371474596
2024-02-16 23:00:00,100.80241602223734
2024-02-17 00:00:00,58.3430570676036
2024-02-17 01:00:00,56.65889270748554
2024-02-17 02:00:00,66.53361349199257
2024-02-17 03:00:00,64.20866626131473
2024-02-17 04:00:00,58.867913493537294
2024-02-17 05:00:00,54.800985608208734
2024-02-17 06:00:00,126.9710051994722
2024-02-17 07:00:00,132.35339890767503
2024-02-17 08:00:00,127.15160005133649
2024-02-17 09:00:00,133.68669493026127
2024-02-17 10:00:00,121.81897214809699
2024-02-17 11:00:00,83.94767546838182
2024-02-17 12:00:00,92.39835604619037
2024-02-17 13:00:00,82.55373638974977
2024-02-17 14:00:00,100.47718767396205
2024-02-17 15:00:00,83.7615146733302
2024-02-17 16:00:00,86.4058894000895
2024-02-17 17:00:00,89.5465277833706
2024-02-17 18:00:00,150.11643313544684
2024-02-17 19:00:00,146.82510981468317
2024-02-17 20:00:00,154.82400549602238
2024-02-17 21:00:00,153.6925469750885
2024-02-17 22:00:00,151.51833626348497
2024-02-17 23:00:00,84.84784864595639
2024-02-18 00:00:00,69.36948077158573
2024-02-18 01:00:00,52.718120401671364
2024-02-18 02:00:00,55.98614471454164
2024-02-18 03:00:00,61.72650523290115
2024-02-18 04:00:00,56.95498730422106
2024-02-18 05:00:00,66.44272728139381
2024-02-18 06:00:00,130.07012925430226
2024-02-18 07:00:00,136.06592134852352
2024-02-18 08:00:00,122.59819356792953
2024-02-18 09:00:00,123.76633660529494
2024-02-18 10:00:00,127.6625755905659
2024-02-18 11:00:00,99.2485758082544
2024-02-18 12:00:00,90.24266325619259
2024-02-18 13:00:00,89.29731809706115
2024-02-18 14:00:00,86.54335005043498
2024-02-18 15:00:00,96.13850659071066
2024-02-18 16:00:00,80.56246916837473
2024-02-18 17:00:00,88.44312040046768
2024-02-18 18:00:00,154.43645433798216
2024-02-18 19:00:00,153.02831138552375
2024-02-18 20:00:00,148.02698854100836
2024-02-18 21:00:00,148.37291307916436
2024-02-18 22:00:00,148.2566611272151
2024-02-18 23:00:00,80.46707891888835
2024-02-19 00:00:00,69.11784538430014
2024-02-19 01:00:00,70.90361413441833
2024-02-19 02:00:00,63.935952466979494
2024-02-19 03:00:00,69.60326705690494
2024-02-19 04:00:00,74.85127262866042
2024-02-19 05:00:00,68.03684888325466
2024-02-19 06:00:00,138.3471250779822
2024-02-19 07:00:00,141.1547623615444
2024-02-19 08:00:00,141.6939829537369
2024-02-19 09:00:00,148.5397473244478
2024-02-19 10:00:00,135.63594777862815
2024-02-19 11:00:00,93.07782888657103
2024-02-19 12:00:00,92.274033359642
2024-02-19 13:00:00,103.7387110071216
2024-02-19 14:00:00,100.24379608597562
2024-02-19 15:00:00,104.23107496089983
2024-02-19 16:00:00,99.60808201523443
2024-02-19 17:00:00,103.72057853033878
2024-02-19 18:00:00,163.20561428086393
2024-02-19 19:00:00,162.21307177004695
2024-02-19 20:00:00,155.34989627920604
2024-02-19 21:00:00,162.4937450346303
2024-02-19 22:00:00,162.39356584990418
2024-02-19 23:00:00,92.53567264701407
2024-02-20 00:00:00,62.78533492920699
2024-02-20 01:00:00,67.76301665933418
2024-02-20 02:00:00,69.72412563683149
2024-02-20 03:00:00,79.93684339012621
2024-02-20 04:00:00,73.89199232944047
2024-02-20 05:00:00,63.74784765662225
2024-02-20 06:00:00,131.33807044215624
2024-02-20 07:00:00,144.9878988830553
2024-02-20 08:00:00,136.76086263260694
2024-02-20 09:00:00,138.24833931063142
2024-02-20 10:00:00,135.78126846718868
2024-02-20 11:00:00,100.86720950545016
2024-02-20 12:00:00,98.4997744814933
2024-02-20 13:00:00,96.77465845702504
2024-02-20 14:00:00,98.85223362475475
2024-02-20 15:00:00,104.23843270103734
2024-02-20 16:00:00,106.55757432561168
2024-02-20 17:00:00,104.13044641089054
2024-02-20 18:00:00,161.47113759622468
2024-02-20 19:00:00,162.29238793132677
2024-02-20 20:00:00,153.0605157235044
2024-02-20 21:00:00,159.3377674163259
2024-02-20 22:00:00,163.9754189240789
2024-02-20 23:00:00,100.80387270884209
2024-02-21 00:00:00,73.06007823939181
2024-02-21 01:00:00,71.55814440299723
2024-02-21 02:00:00,68.75709737396355
2024-02-21 03:00:00,73.37885813437603
2024-02-21 04:00:00,68.80895515452579
2024-02-21 05:00:00,66.08321542383163
2024-02-21 06:00:00,140.41227812865841
2024-02-21 07:00:00,146.33143860879133
2024-02-21 08:00:00,141.60638470247443
2024-02-21 09:00:00,136.58958137348128
2024-02-21 10:00:00,136.73331657683246
2024-02-21 11:00:00,98.1070707084772
2024-02-21 12:00:00,95.19686950993312
2024-02-21 13:00:00,100.78926964528425
2024-02-21 14:00:00,104.0005967696497
2024-02-21 15:00:00,91.00349137087288
2024-02-21 16:00:00,102.53193855109767
2024-02-21 17:00:00,98.5070674319521
2024-02-21 18:00:00,156.47374617572333
2024-02-21 19:00:00,153.09716720237554
2024-02-21 20:00:00,160.88477673086615
2024-02-21 21:00:00,157.4802795941051
2024-02-21 22:00:00,156.57588143338526
2024-02-21 23:00:00,93.48039758567208
2024-02-22 00:00:00,61.50530703266864
2024-02-22 01:00:00,67.70467661713687
2024-02-22 02:00:00,70.30365105953798
2024-02-22 03:00:00,64.81725145009264
2024-02-22 04:00:00,62.7001163275486
2024-02-22 05:00:00,80.58451726122952
2024-02-22 06:00:00,139.74719150011603
2024-02-22 07:00:00,130.5382051697455
2024-02-22 08:00:00,141.2183793649266
2024-02-22 09:00:00,140.58376007398294
2024-02-22 10:00:00,142.60952632923014
2024-02-22 11:00:00,93.02976268359845
2024-02-22 12:00:00,99.79744129695389
2024-02-22 13:00:00,95.86933968458317
2024-02-22 14:00:00,99.2024844363532
2024-02-22 15:00:00,102.65981977663803
2024-02-22 16:00:00,96.02833875510835
2024-02-22 17:00:00,105.3772570146158
2024-02-22 18:00:00,157.8782324463294
2024-02-22 19:00:00,167.89351994997745
2024-02-22 20:00:00,155.74803682757934
2024-02-22 21:00:00,163.6041206083418
2024-02-22 22:00:00,163.3810932853166
2024-02-22 23:00:00,99.43781721138542
2024-02-23 00:00:00,64.514302970293
2024-02-23 01:00:00,76.6321225050616
2024-02-23 02:00:00,69.69758255976856
2024-02-23 03:00:00,67.53865520267921
2024-02-23 04:00:00,71.84676620467964
2024-02-23 05:00:00,63.65593780256147
2024-02-23 06:00:00,143.74988345584728
2024-02-23 07:00:00,132.97139083482276
2024-02-23 08:00:00,138.0379095131295
2024-02-23 09:00:00,143.28195835152502
2024-02-23 10:00:00,133.2026330686419
2024-02-23 11:00:00,106.30917690019754
2024-02-23 12:00:00,94.40366835424436
2024-02-23 13:00:00,106.3269681413679
2024-02-23 14:00:00,105.71690579720902
2024-02-23 15:00:00,82.92449369115818
2024-02-23 16:00:00,96.28384679187528
2024-02-23 17:00:00,98.83820455199087
2024-02-23 18:00:00,152.89768371645954
2024-02-23 19:00:00,156.9130929317581
2024-02-23 20:00:00,159.12062976473416
2024-02-23 21:00:00,168.98278095781674
2024-02-23 22:00:00,165.66965160319072
2024-02-23 23:00:00,106.79307163568339
2024-02-24 00:00:00,66.69840123581615
2024-02-24 01:00:00,61.73823059797405
2024-02-24 02:00:00,72.19690303456835
2024-02-24 03:00:00,54.60130665315963
2024-02-24 04:00:00,70.26614832854878
2024-02-24 05:00:00,59.439235228064895
2024-02-24 06:00:00,137.1238069718625
2024-02-24 07:00:00,129.1296134761688
2024-02-24 08:00:00,124.0083845336513
2024-02-24 09:00:00,124.0916490775106
2024-02-24 10:00:00,137.10134931756582
2024-02-24 11:00:00,90.46547221065205
2024-02-24 12:00:00,88.35286416046793
2024-02-24 13:00:00,85.64856481916344
2024-02-24 14:00:00,85.60694213157927
2024-02-24 15:00:00,100.92530843814093
2024-02-24 16:00:00,99.28341140190602
2024-02-24 17:00:00,96.14320415620446
2024-02-24 18:00:00,151.95264979273836
2024-02-24 19:00:00,155.2231489904404
2024-02-24 20:00:00,147.84904649010872
2024-02-24 21:00:00,150.61521943568906
2024-02-24 22:00:00,152.86379013295544
2024-02-24 23:00:00,94.73140344764957
2024-02-25 00:00:00,66.56581944987622
2024-02-25 01:00:00,55.77080503882384
2024-02-25 02:00:00,60.22849002851829
2024-02-25 03:00:00,53.88566802391891
2024-02-25 04:00:00,59.99235902043772
2024-02-25 05:00:00,62.424826289540654
2024-02-25 06:00:00,133.73799326455273
2024-02-25 07:00:00,133.4502961172497
2024-02-25 08:00:00,120.39569464264419
2024-02-25 09:00:00,133.43844941230896
2024-02-25 10:00:00,131.26996008106644
2024-02-25 11:00:00,86.74194100246481
2024-02-25 12:00:00,86.0310971180996
2024-02-25 13:00:00,86.24389020372983
2024-02-25 14:00:00,93.35905579308714
2024-02-25 15:00:00,87.97115137253724
2024-02-25 16:00:00,100.24991724810522
2024-02-25 17:00:00,87.95560642560801
2024-02-25 18:00:00,154.6976432421085
2024-02-25 19:00:00,147.3257392361289
2024-02-25 20:00:00,154.83997579134555
2024-02-25 21:00:00,147.23718506284678
2024-02-25 22:00:00,147.8641525996709
2024-02-25 23:00:00,89.77339959814144
2024-02-26 00:00:00,59.52213080939865
2024-02-26 01:00:00,67.48772890435937
2024-02-26 02:00:00,68.60366899554523
2024-02-26 03:00:00,71.53046724315973
2024-02-26 04:00:00,74.21573027839669
2024-02-26 05:00:00,76.18496835279234
2024-02-26 06:00:00,148.92288736482686
2024-02-26 07:00:00,150.38252770316353
2024-02-26 08:00:00,155.57342900427048
2024-02-26 09:00:00,140.71786883057976
2024-02-26 10:00:00,140.53848516751864
2024-02-26 11:00:00,94.23594776131327
2024-02-26 12:00:00,101.63101926013577
2024-02-26 13:00:00,103.87557072467008
2024-02-26 14:00:00,95.78781235018488
2024-02-26 15:00:00,98.27329033056809
2024-02-26 16:00:00,104.74046746976896
2024-02-26 17:00:00,100.7421268018069
2024-02-26 18:00:00,168.52438040684635
2024-02-26 19:00:00,167.5671439719678
2024-02-26 20:00:00,161.63802129749013
2024-02-26 21:00:00,170.37014181005475
2024-02-26 22:00:00,155.18858178561277
2024-02-26 23:00:00,107.47521803399165
2024-02-27 00:00:00,73.43922433565842
2024-02-27 01:00:00,72.27327755547351
2024-02-27 02:00:00,77.89544943377564
2024-02-27 03:00:00,59.810726770948314
2024-02-27 04:00:00,76.7330047433419
2024-02-27 05:00:00,67.06852481898089
2024-02-27 06:00:00,143.30868097661008
2024-02-27 07:00:00,138.86954874258265
2024-02-27 08:00:00,141.31762960837295
2024-02-27 09:00:00,149.94396721333888
2024-02-27 10:00:00,140.73249032699277
2024-02-27 11:00:00,101.31630062699061
2024-02-27 12:00:00,94.06997931973372
2024-02-27 13:00:00,97.18877130356282
2024-02-27 14:00:00,106.1340277041492
2024-02-27 15:00:00,88.86833822443141
2024-02-27 16:00:00,96.70030640468674
2024-02-27 17:00:00,92.42552984279305
2024-02-27 18:00:00,154.09774108996257
2024-02-27 19:00:00,157.0079198594865
2024-02-27 20:00:00,159.07341770027733
2024-02-27 21:00:00,165.55128955645355
2024-02-27 22:00:00,156.47904433144484
2024-02-27 23:00:00,95.42239667130701
2024-02-28 00:00:00,72.98119897625871
2024-02-28 01:00:00,73.73960361067346
2024-02-28 02:00:00,64.79403864888087
2024-02-28 03:00:00,56.01955253808611
2024-02-28 04:00:00,64.4591878678471
2024-02-28 05:00:00,66.67877639385586
2024-02-28 06:00:00,141.73340683513715
2024-02-28 07:00:00,138.82172911336187
2024-02-28 08:00:00,133.69994379457825
2024-02-28 09:00:00,147.04794409352655
2024-02-28 10:00:00,140.07176788102734
2024-02-28 11:00:00,105.56774872413516
2024-02-28 12:00:00,101.72703170823222
2024-02-28 13:00:00,95.81152809946846
2024-02-28 14:00:00,98.7079638083324
2024-02-28 15:00:00,104.75987653029057
2024-02-28 16:00:00,104.24290532216871
2024-02-28 17:00:00,97.22090977916199
2024-02-28 18:00:00,155.28812035759046
2024-02-28 19:00:00,165.1575818675041
2024-02-28 20:00:00,158.51354625819857
2024-02-28 21:00:00,159.5822122381149
2024-02-28 22:00:00,163.96182771937973
2024-02-28 23:00:00,102.5234934657381
2024-02-29 00:00:00,67.77916081937687
2024-02-29 01:00:00,74.09606347463532
2024-02-29 02:00:00,66.85631173060182
2024-02-29 03:00:00,78.43201584180603
2024-02-29 04:00:00,66.16790326736005
2024-02-29 05:00:00,71.9267696142865
2024-02-29 06:00:00,138.46014112425766
2024-02-29 07:00:00,139.05858953509463
2024-02-29 08:00:00,139.60608271043535
2024-02-29 09:00:00,144.44082449502346
2024-02-29 10:00:00,137.43956774839953
2024-02-29 11:00:00,96.86949687654486
2024-02-29 12:00:00,99.6479373430575
2024-02-29 13:00:00,90.3486432732688
2024-02-29 14:00:00,105.33204328981384
2024-02-29 15:00:00,91.56361471818262
2024-02-29 16:00:00,89.68073947834468
2024-02-29 17:00:00,104.92292869545109
2024-02-29 18:00:00,161.43378665871444
2024-02-29 19:00:00,164.69335907095507
2024-02-29 20:00:00,159.71777691348788
2024-02-29 21:00:00,167.79744759408604
2024-02-29 22:00:00,158.93406666947135
2024-02-29 23:00:00,102.32950296953065
